State,Year,Diabetes,Tobacco Use,Age of Mother,Births
Alabama,2015,Yes,Yes,15-19,12
Alabama,2015,Yes,Yes,20-24,48
Alabama,2015,Yes,Yes,25-29,92
Alabama,2015,Yes,Yes,30-34,81
Alabama,2015,Yes,Yes,35-39,48
Alabama,2015,Yes,Yes,40-44,12
Alabama,2015,Yes,No,15-19,95
Alabama,2015,Yes,No,20-24,425
Alabama,2015,Yes,No,25-29,829
Alabama,2015,Yes,No,30-34,870
Alabama,2015,Yes,No,35-39,499
Alabama,2015,Yes,No,40-44,94
Alabama,2015,No,Yes,15-19,429
Alabama,2015,No,Yes,20-24,2164
Alabama,2015,No,Yes,25-29,1875
Alabama,2015,No,Yes,30-34,990
Alabama,2015,No,Yes,35-39,367
Alabama,2015,No,Yes,40-44,48
Alabama,2015,No,No,15-19,4162
Alabama,2015,No,No,20-24,14071
Alabama,2015,No,No,25-29,15661
Alabama,2015,No,No,30-34,11299
Alabama,2015,No,No,35-39,4336
Alabama,2015,No,No,40-44,771
Alabama,2015,No,No,45-49,41
Alaska,2015,Yes,Yes,20-24,36
Alaska,2015,Yes,Yes,25-29,57
Alaska,2015,Yes,Yes,30-34,42
Alaska,2015,Yes,Yes,35-39,18
Alaska,2015,Yes,No,15-19,26
Alaska,2015,Yes,No,20-24,106
Alaska,2015,Yes,No,25-29,259
Alaska,2015,Yes,No,30-34,272
Alaska,2015,Yes,No,35-39,169
Alaska,2015,Yes,No,40-44,29
Alaska,2015,No,Yes,15-19,101
Alaska,2015,No,Yes,20-24,401
Alaska,2015,No,Yes,25-29,371
Alaska,2015,No,Yes,30-34,223
Alaska,2015,No,Yes,35-39,70
Alaska,2015,No,No,15-19,476
Alaska,2015,No,No,20-24,2012
Alaska,2015,No,No,25-29,2667
Alaska,2015,No,No,30-34,2254
Alaska,2015,No,No,35-39,929
Alaska,2015,No,No,40-44,178
Alaska,2015,No,No,45-49,12
Arizona,2015,Yes,Yes,20-24,49
Arizona,2015,Yes,Yes,25-29,100
Arizona,2015,Yes,Yes,30-34,104
Arizona,2015,Yes,Yes,35-39,75
Arizona,2015,Yes,No,15-19,168
Arizona,2015,Yes,No,20-24,870
Arizona,2015,Yes,No,25-29,1860
Arizona,2015,Yes,No,30-34,2064
Arizona,2015,Yes,No,35-39,1459
Arizona,2015,Yes,No,40-44,421
Arizona,2015,Yes,No,45-49,22
Arizona,2015,No,Yes,15-19,269
Arizona,2015,No,Yes,20-24,1354
Arizona,2015,No,Yes,25-29,1315
Arizona,2015,No,Yes,30-34,813
Arizona,2015,No,Yes,35-39,327
Arizona,2015,No,Yes,40-44,60
Arizona,2015,No,No,15-19,5464
Arizona,2015,No,No,20-24,18370
Arizona,2015,No,No,25-29,22043
Arizona,2015,No,No,30-34,17968
Arizona,2015,No,No,35-39,8228
Arizona,2015,No,No,40-44,1687
Arizona,2015,No,No,45-49,100
Arkansas,2015,Yes,Yes,20-24,68
Arkansas,2015,Yes,Yes,25-29,89
Arkansas,2015,Yes,Yes,30-34,75
Arkansas,2015,Yes,Yes,35-39,42
Arkansas,2015,Yes,No,15-19,88
Arkansas,2015,Yes,No,20-24,320
Arkansas,2015,Yes,No,25-29,488
Arkansas,2015,Yes,No,30-34,481
Arkansas,2015,Yes,No,35-39,316
Arkansas,2015,Yes,No,40-44,75
Arkansas,2015,No,Yes,15-19,488
Arkansas,2015,No,Yes,20-24,1933
Arkansas,2015,No,Yes,25-29,1695
Arkansas,2015,No,Yes,30-34,828
Arkansas,2015,No,Yes,35-39,303
Arkansas,2015,No,Yes,40-44,49
Arkansas,2015,No,No,15-19,3046
Arkansas,2015,No,No,20-24,9093
Arkansas,2015,No,No,25-29,9391
Arkansas,2015,No,No,30-34,6563
Arkansas,2015,No,No,35-39,2468
Arkansas,2015,No,No,40-44,417
Arkansas,2015,No,No,45-49,31
California,2015,Yes,Yes,20-24,87
California,2015,Yes,Yes,25-29,127
California,2015,Yes,Yes,30-34,177
California,2015,Yes,Yes,35-39,103
California,2015,Yes,Yes,40-44,20
California,2015,Yes,No,15-19,437
California,2015,Yes,No,20-24,2673
California,2015,Yes,No,25-29,6372
California,2015,Yes,No,30-34,10341
California,2015,Yes,No,35-39,7878
California,2015,Yes,No,40-44,2497
California,2015,Yes,No,45-49,241
California,2015,No,Yes,15-19,425
California,2015,No,Yes,20-24,2089
California,2015,No,Yes,25-29,2456
California,2015,No,Yes,30-34,1852
California,2015,No,Yes,35-39,849
California,2015,No,Yes,40-44,189
California,2015,No,Yes,45-49,14
California,2015,No,No,15-19,23073
California,2015,No,No,20-24,82940
California,2015,No,No,25-29,120147
California,2015,No,No,30-34,132319
California,2015,No,No,35-39,72718
California,2015,No,No,40-44,17022
California,2015,No,No,45-49,1379
Colorado,2015,Yes,Yes,20-24,30
Colorado,2015,Yes,Yes,25-29,64
Colorado,2015,Yes,Yes,30-34,50
Colorado,2015,Yes,Yes,35-39,28
Colorado,2015,Yes,Yes,40-44,10
Colorado,2015,Yes,No,15-19,55
Colorado,2015,Yes,No,20-24,303
Colorado,2015,Yes,No,25-29,722
Colorado,2015,Yes,No,30-34,1036
Colorado,2015,Yes,No,35-39,708
Colorado,2015,Yes,No,40-44,177
Colorado,2015,Yes,No,45-49,10
Colorado,2015,No,Yes,15-19,287
Colorado,2015,No,Yes,20-24,1250
Colorado,2015,No,Yes,25-29,1310
Colorado,2015,No,Yes,30-34,807
Colorado,2015,No,Yes,35-39,326
Colorado,2015,No,Yes,40-44,44
Colorado,2015,No,No,15-19,2909
Colorado,2015,No,No,20-24,10999
Colorado,2015,No,No,25-29,16537
Colorado,2015,No,No,30-34,17909
Colorado,2015,No,No,35-39,8888
Colorado,2015,No,No,40-44,1740
Colorado,2015,No,No,45-49,115
Delaware,2015,Yes,Yes,25-29,20
Delaware,2015,Yes,Yes,30-34,15
Delaware,2015,Yes,Yes,35-39,12
Delaware,2015,Yes,No,15-19,11
Delaware,2015,Yes,No,20-24,81
Delaware,2015,Yes,No,25-29,220
Delaware,2015,Yes,No,30-34,299
Delaware,2015,Yes,No,35-39,194
Delaware,2015,Yes,No,40-44,40
Delaware,2015,No,Yes,15-19,65
Delaware,2015,No,Yes,20-24,288
Delaware,2015,No,Yes,25-29,347
Delaware,2015,No,Yes,30-34,248
Delaware,2015,No,Yes,35-39,87
Delaware,2015,No,Yes,40-44,14
Delaware,2015,No,No,15-19,464
Delaware,2015,No,No,20-24,1907
Delaware,2015,No,No,25-29,2734
Delaware,2015,No,No,30-34,2639
Delaware,2015,No,No,35-39,1201
Delaware,2015,No,No,40-44,219
Delaware,2015,No,No,45-49,14
District of Columbia,2015,Yes,No,20-24,27
District of Columbia,2015,Yes,No,25-29,75
District of Columbia,2015,Yes,No,30-34,113
District of Columbia,2015,Yes,No,35-39,107
District of Columbia,2015,Yes,No,40-44,30
District of Columbia,2015,No,Yes,15-19,12
District of Columbia,2015,No,Yes,20-24,63
District of Columbia,2015,No,Yes,25-29,57
District of Columbia,2015,No,Yes,30-34,64
District of Columbia,2015,No,Yes,35-39,27
District of Columbia,2015,No,No,15-19,472
District of Columbia,2015,No,No,20-24,1561
District of Columbia,2015,No,No,25-29,1782
District of Columbia,2015,No,No,30-34,2712
District of Columbia,2015,No,No,35-39,1827
District of Columbia,2015,No,No,40-44,409
District of Columbia,2015,No,No,45-49,40
Florida,2015,Yes,Yes,15-19,13
Florida,2015,Yes,Yes,20-24,110
Florida,2015,Yes,Yes,25-29,170
Florida,2015,Yes,Yes,30-34,196
Florida,2015,Yes,Yes,35-39,90
Florida,2015,Yes,Yes,40-44,28
Florida,2015,Yes,No,15-19,232
Florida,2015,Yes,No,20-24,1363
Florida,2015,Yes,No,25-29,2735
Florida,2015,Yes,No,30-34,3360
Florida,2015,Yes,No,35-39,2232
Florida,2015,Yes,No,40-44,717
Florida,2015,Yes,No,45-49,59
Florida,2015,No,Yes,15-19,709
Florida,2015,No,Yes,20-24,3500
Florida,2015,No,Yes,25-29,4177
Florida,2015,No,Yes,30-34,2613
Florida,2015,No,Yes,35-39,1102
Florida,2015,No,Yes,40-44,201
Florida,2015,No,No,15-19,10932
Florida,2015,No,No,20-24,42794
Florida,2015,No,No,25-29,58925
Florida,2015,No,No,30-34,53835
Florida,2015,No,No,35-39,26215
Florida,2015,No,No,40-44,5998
Florida,2015,No,No,45-49,435
Georgia,2015,Yes,Yes,20-24,57
Georgia,2015,Yes,Yes,25-29,111
Georgia,2015,Yes,Yes,30-34,86
Georgia,2015,Yes,Yes,35-39,51
Georgia,2015,Yes,Yes,40-44,12
Georgia,2015,Yes,No,15-19,133
Georgia,2015,Yes,No,20-24,769
Georgia,2015,Yes,No,25-29,1524
Georgia,2015,Yes,No,30-34,1783
Georgia,2015,Yes,No,35-39,1231
Georgia,2015,Yes,No,40-44,369
Georgia,2015,Yes,No,45-49,30
Georgia,2015,No,Yes,15-19,551
Georgia,2015,No,Yes,20-24,2510
Georgia,2015,No,Yes,25-29,2203
Georgia,2015,No,Yes,30-34,1192
Georgia,2015,No,Yes,35-39,522
Georgia,2015,No,Yes,40-44,95
Georgia,2015,No,No,15-19,7998
Georgia,2015,No,No,20-24,28028
Georgia,2015,No,No,25-29,33720
Georgia,2015,No,No,30-34,29381
Georgia,2015,No,No,35-39,13989
Georgia,2015,No,No,40-44,3004
Georgia,2015,No,No,45-49,199
Hawaii,2015,Yes,Yes,25-29,19
Hawaii,2015,Yes,Yes,30-34,17
Hawaii,2015,Yes,Yes,35-39,21
Hawaii,2015,Yes,No,15-19,24
Hawaii,2015,Yes,No,20-24,146
Hawaii,2015,Yes,No,25-29,281
Hawaii,2015,Yes,No,30-34,450
Hawaii,2015,Yes,No,35-39,369
Hawaii,2015,Yes,No,40-44,116
Hawaii,2015,Yes,No,45-49,10
Hawaii,2015,No,Yes,15-19,38
Hawaii,2015,No,Yes,20-24,162
Hawaii,2015,No,Yes,25-29,192
Hawaii,2015,No,Yes,30-34,135
Hawaii,2015,No,Yes,35-39,59
Hawaii,2015,No,Yes,40-44,11
Hawaii,2015,No,No,15-19,627
Hawaii,2015,No,No,20-24,2532
Hawaii,2015,No,No,25-29,3376
Hawaii,2015,No,No,30-34,3422
Hawaii,2015,No,No,35-39,2002
Hawaii,2015,No,No,40-44,464
Hawaii,2015,No,No,45-49,43
Idaho,2015,Yes,Yes,20-24,31
Idaho,2015,Yes,Yes,25-29,44
Idaho,2015,Yes,Yes,30-34,51
Idaho,2015,Yes,Yes,35-39,20
Idaho,2015,Yes,No,15-19,18
Idaho,2015,Yes,No,20-24,174
Idaho,2015,Yes,No,25-29,329
Idaho,2015,Yes,No,30-34,363
Idaho,2015,Yes,No,35-39,243
Idaho,2015,Yes,No,40-44,72
Idaho,2015,No,Yes,15-19,181
Idaho,2015,No,Yes,20-24,767
Idaho,2015,No,Yes,25-29,628
Idaho,2015,No,Yes,30-34,296
Idaho,2015,No,Yes,35-39,126
Idaho,2015,No,Yes,40-44,18
Idaho,2015,No,No,15-19,1081
Idaho,2015,No,No,20-24,4730
Idaho,2015,No,No,25-29,6303
Idaho,2015,No,No,30-34,4860
Idaho,2015,No,No,35-39,1974
Idaho,2015,No,No,40-44,365
Idaho,2015,No,No,45-49,21
Illinois,2015,Yes,Yes,15-19,17
Illinois,2015,Yes,Yes,20-24,120
Illinois,2015,Yes,Yes,25-29,228
Illinois,2015,Yes,Yes,30-34,198
Illinois,2015,Yes,Yes,35-39,120
Illinois,2015,Yes,Yes,40-44,31
Illinois,2015,Yes,No,15-19,186
Illinois,2015,Yes,No,20-24,1052
Illinois,2015,Yes,No,25-29,2510
Illinois,2015,Yes,No,30-34,3826
Illinois,2015,Yes,No,35-39,2628
Illinois,2015,Yes,No,40-44,757
Illinois,2015,Yes,No,45-49,49
Illinois,2015,No,Yes,15-19,682
Illinois,2015,No,Yes,20-24,2980
Illinois,2015,No,Yes,25-29,3192
Illinois,2015,No,Yes,30-34,1922
Illinois,2015,No,Yes,35-39,718
Illinois,2015,No,Yes,40-44,125
Illinois,2015,No,No,15-19,7832
Illinois,2015,No,No,20-24,25936
Illinois,2015,No,No,25-29,37220
Illinois,2015,No,No,30-34,41331
Illinois,2015,No,No,35-39,19547
Illinois,2015,No,No,40-44,3756
Illinois,2015,No,No,45-49,296
Indiana,2015,Yes,Yes,15-19,22
Indiana,2015,Yes,Yes,20-24,155
Indiana,2015,Yes,Yes,25-29,263
Indiana,2015,Yes,Yes,30-34,192
Indiana,2015,Yes,Yes,35-39,99
Indiana,2015,Yes,Yes,40-44,25
Indiana,2015,Yes,No,15-19,127
Indiana,2015,Yes,No,20-24,676
Indiana,2015,Yes,No,25-29,1298
Indiana,2015,Yes,No,30-34,1474
Indiana,2015,Yes,No,35-39,836
Indiana,2015,Yes,No,40-44,199
Indiana,2015,Yes,No,45-49,18
Indiana,2015,No,Yes,15-19,906
Indiana,2015,No,Yes,20-24,4183
Indiana,2015,No,Yes,25-29,3519
Indiana,2015,No,Yes,30-34,1864
Indiana,2015,No,Yes,35-39,651
Indiana,2015,No,Yes,40-44,126
Indiana,2015,No,No,15-19,4757
Indiana,2015,No,No,20-24,16371
Indiana,2015,No,No,25-29,21489
Indiana,2015,No,No,30-34,16878
Indiana,2015,No,No,35-39,6535
Indiana,2015,No,No,40-44,1188
Indiana,2015,No,No,45-49,87
Iowa,2015,Yes,Yes,15-19,18
Iowa,2015,Yes,Yes,20-24,91
Iowa,2015,Yes,Yes,25-29,138
Iowa,2015,Yes,Yes,30-34,110
Iowa,2015,Yes,Yes,35-39,69
Iowa,2015,Yes,Yes,40-44,20
Iowa,2015,Yes,No,15-19,55
Iowa,2015,Yes,No,20-24,338
Iowa,2015,Yes,No,25-29,796
Iowa,2015,Yes,No,30-34,922
Iowa,2015,Yes,No,35-39,544
Iowa,2015,Yes,No,40-44,117
Iowa,2015,Yes,No,45-49,16
Iowa,2015,No,Yes,15-19,380
Iowa,2015,No,Yes,20-24,1857
Iowa,2015,No,Yes,25-29,1536
Iowa,2015,No,Yes,30-34,856
Iowa,2015,No,Yes,35-39,291
Iowa,2015,No,Yes,40-44,37
Iowa,2015,No,No,15-19,1488
Iowa,2015,No,No,20-24,6098
Iowa,2015,No,No,25-29,10819
Iowa,2015,No,No,30-34,8969
Iowa,2015,No,No,35-39,3358
Iowa,2015,No,No,40-44,481
Iowa,2015,No,No,45-49,34
Kansas,2015,Yes,Yes,15-19,15
Kansas,2015,Yes,Yes,20-24,75
Kansas,2015,Yes,Yes,25-29,83
Kansas,2015,Yes,Yes,30-34,75
Kansas,2015,Yes,Yes,35-39,35
Kansas,2015,Yes,No,15-19,76
Kansas,2015,Yes,No,20-24,278
Kansas,2015,Yes,No,25-29,569
Kansas,2015,Yes,No,30-34,699
Kansas,2015,Yes,No,35-39,403
Kansas,2015,Yes,No,40-44,90
Kansas,2015,Yes,No,45-49,15
Kansas,2015,No,Yes,15-19,314
Kansas,2015,No,Yes,20-24,1469
Kansas,2015,No,Yes,25-29,1297
Kansas,2015,No,Yes,30-34,647
Kansas,2015,No,Yes,35-39,239
Kansas,2015,No,Yes,40-44,40
Kansas,2015,No,No,15-19,2068
Kansas,2015,No,No,20-24,7425
Kansas,2015,No,No,25-29,10388
Kansas,2015,No,No,30-34,8822
Kansas,2015,No,No,35-39,3328
Kansas,2015,No,No,40-44,585
Kansas,2015,No,No,45-49,24
Kentucky,2015,Yes,Yes,15-19,28
Kentucky,2015,Yes,Yes,20-24,139
Kentucky,2015,Yes,Yes,25-29,207
Kentucky,2015,Yes,Yes,30-34,157
Kentucky,2015,Yes,Yes,35-39,100
Kentucky,2015,Yes,Yes,40-44,22
Kentucky,2015,Yes,No,15-19,121
Kentucky,2015,Yes,No,20-24,466
Kentucky,2015,Yes,No,25-29,822
Kentucky,2015,Yes,No,30-34,780
Kentucky,2015,Yes,No,35-39,519
Kentucky,2015,Yes,No,40-44,136
Kentucky,2015,No,Yes,15-19,867
Kentucky,2015,No,Yes,20-24,3840
Kentucky,2015,No,Yes,25-29,3268
Kentucky,2015,No,Yes,30-34,1591
Kentucky,2015,No,Yes,35-39,561
Kentucky,2015,No,Yes,40-44,71
Kentucky,2015,No,No,15-19,3458
Kentucky,2015,No,No,20-24,11233
Kentucky,2015,No,No,25-29,12876
Kentucky,2015,No,No,30-34,9749
Kentucky,2015,No,No,35-39,3893
Kentucky,2015,No,No,40-44,688
Kentucky,2015,No,No,45-49,35
Louisiana,2015,Yes,Yes,15-19,12
Louisiana,2015,Yes,Yes,20-24,43
Louisiana,2015,Yes,Yes,25-29,73
Louisiana,2015,Yes,Yes,30-34,59
Louisiana,2015,Yes,Yes,35-39,49
Louisiana,2015,Yes,Yes,40-44,12
Louisiana,2015,Yes,No,15-19,95
Louisiana,2015,Yes,No,20-24,577
Louisiana,2015,Yes,No,25-29,1017
Louisiana,2015,Yes,No,30-34,1147
Louisiana,2015,Yes,No,35-39,649
Louisiana,2015,Yes,No,40-44,171
Louisiana,2015,No,Yes,15-19,269
Louisiana,2015,No,Yes,20-24,1383
Louisiana,2015,No,Yes,25-29,1383
Louisiana,2015,No,Yes,30-34,797
Louisiana,2015,No,Yes,35-39,291
Louisiana,2015,No,Yes,40-44,42
Louisiana,2015,No,No,15-19,4602
Louisiana,2015,No,No,20-24,15847
Louisiana,2015,No,No,25-29,17040
Louisiana,2015,No,No,30-34,12415
Louisiana,2015,No,No,35-39,4614
Louisiana,2015,No,No,40-44,797
Louisiana,2015,No,No,45-49,46
Maine,2015,Yes,Yes,20-24,18
Maine,2015,Yes,Yes,25-29,51
Maine,2015,Yes,Yes,30-34,32
Maine,2015,Yes,Yes,35-39,21
Maine,2015,Yes,No,15-19,10
Maine,2015,Yes,No,20-24,80
Maine,2015,Yes,No,25-29,208
Maine,2015,Yes,No,30-34,245
Maine,2015,Yes,No,35-39,120
Maine,2015,Yes,No,40-44,43
Maine,2015,No,Yes,15-19,163
Maine,2015,No,Yes,20-24,580
Maine,2015,No,Yes,25-29,584
Maine,2015,No,Yes,30-34,354
Maine,2015,No,Yes,35-39,117
Maine,2015,No,Yes,40-44,26
Maine,2015,No,No,15-19,426
Maine,2015,No,No,20-24,1954
Maine,2015,No,No,25-29,3100
Maine,2015,No,No,30-34,2905
Maine,2015,No,No,35-39,1288
Maine,2015,No,No,40-44,205
Maine,2015,No,No,45-49,19
Maryland,2015,Yes,Yes,15-19,10
Maryland,2015,Yes,Yes,20-24,56
Maryland,2015,Yes,Yes,25-29,82
Maryland,2015,Yes,Yes,30-34,103
Maryland,2015,Yes,Yes,35-39,56
Maryland,2015,Yes,No,15-19,66
Maryland,2015,Yes,No,20-24,410
Maryland,2015,Yes,No,25-29,1144
Maryland,2015,Yes,No,30-34,1790
Maryland,2015,Yes,No,35-39,1361
Maryland,2015,Yes,No,40-44,431
Maryland,2015,Yes,No,45-49,33
Maryland,2015,No,Yes,15-19,228
Maryland,2015,No,Yes,20-24,1297
Maryland,2015,No,Yes,25-29,1563
Maryland,2015,No,Yes,30-34,951
Maryland,2015,No,Yes,35-39,330
Maryland,2015,No,Yes,40-44,69
Maryland,2015,No,No,15-19,2883
Maryland,2015,No,No,20-24,10551
Maryland,2015,No,No,25-29,17354
Maryland,2015,No,No,30-34,19838
Maryland,2015,No,No,35-39,10095
Maryland,2015,No,No,40-44,2153
Maryland,2015,No,No,45-49,184
Massachusetts,2015,Yes,Yes,20-24,41
Massachusetts,2015,Yes,Yes,25-29,75
Massachusetts,2015,Yes,Yes,30-34,83
Massachusetts,2015,Yes,Yes,35-39,63
Massachusetts,2015,Yes,Yes,40-44,12
Massachusetts,2015,Yes,No,15-19,34
Massachusetts,2015,Yes,No,20-24,288
Massachusetts,2015,Yes,No,25-29,871
Massachusetts,2015,Yes,No,30-34,1771
Massachusetts,2015,Yes,No,35-39,1222
Massachusetts,2015,Yes,No,40-44,384
Massachusetts,2015,Yes,No,45-49,29
Massachusetts,2015,No,Yes,15-19,163
Massachusetts,2015,No,Yes,20-24,1003
Massachusetts,2015,No,Yes,25-29,1269
Massachusetts,2015,No,Yes,30-34,877
Massachusetts,2015,No,Yes,35-39,377
Massachusetts,2015,No,Yes,40-44,79
Massachusetts,2015,No,No,15-19,1940
Massachusetts,2015,No,No,20-24,7750
Massachusetts,2015,No,No,25-29,15359
Massachusetts,2015,No,No,30-34,22658
Massachusetts,2015,No,No,35-39,12252
Massachusetts,2015,No,No,40-44,2457
Massachusetts,2015,No,No,45-49,201
Michigan,2015,Yes,Yes,15-19,27
Michigan,2015,Yes,Yes,20-24,166
Michigan,2015,Yes,Yes,25-29,227
Michigan,2015,Yes,Yes,30-34,229
Michigan,2015,Yes,Yes,35-39,121
Michigan,2015,Yes,Yes,40-44,19
Michigan,2015,Yes,No,15-19,92
Michigan,2015,Yes,No,20-24,672
Michigan,2015,Yes,No,25-29,1530
Michigan,2015,Yes,No,30-34,1933
Michigan,2015,Yes,No,35-39,1246
Michigan,2015,Yes,No,40-44,317
Michigan,2015,Yes,No,45-49,29
Michigan,2015,No,Yes,15-19,948
Michigan,2015,No,Yes,20-24,4441
Michigan,2015,No,Yes,25-29,4176
Michigan,2015,No,Yes,30-34,2397
Michigan,2015,No,Yes,35-39,896
Michigan,2015,No,Yes,40-44,148
Michigan,2015,No,No,15-19,5210
Michigan,2015,No,No,20-24,20131
Michigan,2015,No,No,25-29,28793
Michigan,2015,No,No,30-34,25489
Michigan,2015,No,No,35-39,10479
Michigan,2015,No,No,40-44,1969
Michigan,2015,No,No,45-49,144
Minnesota,2015,Yes,Yes,15-19,10
Minnesota,2015,Yes,Yes,20-24,71
Minnesota,2015,Yes,Yes,25-29,149
Minnesota,2015,Yes,Yes,30-34,159
Minnesota,2015,Yes,Yes,35-39,73
Minnesota,2015,Yes,Yes,40-44,15
Minnesota,2015,Yes,No,15-19,65
Minnesota,2015,Yes,No,20-24,376
Minnesota,2015,Yes,No,25-29,1124
Minnesota,2015,Yes,No,30-34,1747
Minnesota,2015,Yes,No,35-39,972
Minnesota,2015,Yes,No,40-44,247
Minnesota,2015,Yes,No,45-49,27
Minnesota,2015,No,Yes,15-19,375
Minnesota,2015,No,Yes,20-24,1813
Minnesota,2015,No,Yes,25-29,2026
Minnesota,2015,No,Yes,30-34,1291
Minnesota,2015,No,Yes,35-39,435
Minnesota,2015,No,Yes,40-44,64
Minnesota,2015,No,No,15-19,1884
Minnesota,2015,No,No,20-24,8430
Minnesota,2015,No,No,25-29,18034
Minnesota,2015,No,No,30-34,20105
Minnesota,2015,No,No,35-39,8169
Minnesota,2015,No,No,40-44,1360
Minnesota,2015,No,No,45-49,122
Mississippi,2015,Yes,Yes,20-24,38
Mississippi,2015,Yes,Yes,25-29,58
Mississippi,2015,Yes,Yes,30-34,40
Mississippi,2015,Yes,Yes,35-39,35
Mississippi,2015,Yes,No,15-19,64
Mississippi,2015,Yes,No,20-24,290
Mississippi,2015,Yes,No,25-29,428
Mississippi,2015,Yes,No,30-34,445
Mississippi,2015,Yes,No,35-39,229
Mississippi,2015,Yes,No,40-44,57
Mississippi,2015,No,Yes,15-19,274
Mississippi,2015,No,Yes,20-24,1344
Mississippi,2015,No,Yes,25-29,1192
Mississippi,2015,No,Yes,30-34,628
Mississippi,2015,No,Yes,35-39,248
Mississippi,2015,No,Yes,40-44,42
Mississippi,2015,No,No,15-19,3191
Mississippi,2015,No,No,20-24,10401
Mississippi,2015,No,No,25-29,9976
Mississippi,2015,No,No,30-34,6387
Mississippi,2015,No,No,35-39,2494
Mississippi,2015,No,No,40-44,400
Mississippi,2015,No,No,45-49,22
Missouri,2015,Yes,Yes,15-19,24
Missouri,2015,Yes,Yes,20-24,144
Missouri,2015,Yes,Yes,25-29,215
Missouri,2015,Yes,Yes,30-34,197
Missouri,2015,Yes,Yes,35-39,100
Missouri,2015,Yes,Yes,40-44,30
Missouri,2015,Yes,No,15-19,117
Missouri,2015,Yes,No,20-24,574
Missouri,2015,Yes,No,25-29,1060
Missouri,2015,Yes,No,30-34,1338
Missouri,2015,Yes,No,35-39,746
Missouri,2015,Yes,No,40-44,153
Missouri,2015,No,Yes,15-19,871
Missouri,2015,No,Yes,20-24,3977
Missouri,2015,No,Yes,25-29,3495
Missouri,2015,No,Yes,30-34,1971
Missouri,2015,No,Yes,35-39,686
Missouri,2015,No,Yes,40-44,97
Missouri,2015,No,No,15-19,3782
Missouri,2015,No,No,20-24,13617
Missouri,2015,No,No,25-29,18372
Missouri,2015,No,No,30-34,15683
Missouri,2015,No,No,35-39,6055
Missouri,2015,No,No,40-44,993
Missouri,2015,No,No,45-49,63
Montana,2015,Yes,Yes,20-24,19
Montana,2015,Yes,Yes,25-29,31
Montana,2015,Yes,Yes,30-34,26
Montana,2015,Yes,Yes,35-39,19
Montana,2015,Yes,No,15-19,11
Montana,2015,Yes,No,20-24,76
Montana,2015,Yes,No,25-29,157
Montana,2015,Yes,No,30-34,195
Montana,2015,Yes,No,35-39,124
Montana,2015,Yes,No,40-44,26
Montana,2015,No,Yes,15-19,194
Montana,2015,No,Yes,20-24,631
Montana,2015,No,Yes,25-29,578
Montana,2015,No,Yes,30-34,329
Montana,2015,No,Yes,35-39,130
Montana,2015,No,Yes,40-44,26
Montana,2015,No,No,15-19,554
Montana,2015,No,No,20-24,2129
Montana,2015,No,No,25-29,3128
Montana,2015,No,No,30-34,2806
Montana,2015,No,No,35-39,1093
Montana,2015,No,No,40-44,202
Montana,2015,No,No,45-49,13
Nebraska,2015,Yes,Yes,20-24,25
Nebraska,2015,Yes,Yes,25-29,64
Nebraska,2015,Yes,Yes,30-34,60
Nebraska,2015,Yes,Yes,35-39,43
Nebraska,2015,Yes,No,15-19,35
Nebraska,2015,Yes,No,20-24,215
Nebraska,2015,Yes,No,25-29,403
Nebraska,2015,Yes,No,30-34,524
Nebraska,2015,Yes,No,35-39,285
Nebraska,2015,Yes,No,40-44,85
Nebraska,2015,No,Yes,15-19,162
Nebraska,2015,No,Yes,20-24,870
Nebraska,2015,No,Yes,25-29,783
Nebraska,2015,No,Yes,30-34,473
Nebraska,2015,No,Yes,35-39,175
Nebraska,2015,No,Yes,40-44,21
Nebraska,2015,No,No,15-19,1183
Nebraska,2015,No,No,20-24,4214
Nebraska,2015,No,No,25-29,7393
Nebraska,2015,No,No,30-34,6518
Nebraska,2015,No,No,35-39,2577
Nebraska,2015,No,No,40-44,453
Nebraska,2015,No,No,45-49,22
Nevada,2015,Yes,Yes,20-24,16
Nevada,2015,Yes,Yes,25-29,27
Nevada,2015,Yes,Yes,30-34,24
Nevada,2015,Yes,Yes,35-39,18
Nevada,2015,Yes,No,15-19,60
Nevada,2015,Yes,No,20-24,248
Nevada,2015,Yes,No,25-29,584
Nevada,2015,Yes,No,30-34,794
Nevada,2015,Yes,No,35-39,552
Nevada,2015,Yes,No,40-44,161
Nevada,2015,Yes,No,45-49,12
Nevada,2015,No,Yes,15-19,115
Nevada,2015,No,Yes,20-24,498
Nevada,2015,No,Yes,25-29,513
Nevada,2015,No,Yes,30-34,307
Nevada,2015,No,Yes,35-39,178
Nevada,2015,No,Yes,40-44,23
Nevada,2015,No,No,15-19,2173
Nevada,2015,No,No,20-24,7604
Nevada,2015,No,No,25-29,9231
Nevada,2015,No,No,30-34,7999
Nevada,2015,No,No,35-39,3893
Nevada,2015,No,No,40-44,840
Nevada,2015,No,No,45-49,66
New Hampshire,2015,Yes,Yes,20-24,14
New Hampshire,2015,Yes,Yes,25-29,26
New Hampshire,2015,Yes,Yes,30-34,14
New Hampshire,2015,Yes,Yes,35-39,18
New Hampshire,2015,Yes,No,20-24,47
New Hampshire,2015,Yes,No,25-29,141
New Hampshire,2015,Yes,No,30-34,258
New Hampshire,2015,Yes,No,35-39,164
New Hampshire,2015,Yes,No,40-44,50
New Hampshire,2015,No,Yes,15-19,102
New Hampshire,2015,No,Yes,20-24,441
New Hampshire,2015,No,Yes,25-29,490
New Hampshire,2015,No,Yes,30-34,276
New Hampshire,2015,No,Yes,35-39,94
New Hampshire,2015,No,Yes,40-44,18
New Hampshire,2015,No,No,15-19,347
New Hampshire,2015,No,No,20-24,1423
New Hampshire,2015,No,No,25-29,2955
New Hampshire,2015,No,No,30-34,3345
New Hampshire,2015,No,No,35-39,1483
New Hampshire,2015,No,No,40-44,279
New Hampshire,2015,No,No,45-49,13
New Mexico,2015,Yes,Yes,20-24,12
New Mexico,2015,Yes,Yes,25-29,21
New Mexico,2015,Yes,Yes,30-34,34
New Mexico,2015,Yes,Yes,35-39,14
New Mexico,2015,Yes,No,15-19,39
New Mexico,2015,Yes,No,20-24,236
New Mexico,2015,Yes,No,25-29,428
New Mexico,2015,Yes,No,30-34,479
New Mexico,2015,Yes,No,35-39,326
New Mexico,2015,Yes,No,40-44,71
New Mexico,2015,No,Yes,15-19,120
New Mexico,2015,No,Yes,20-24,537
New Mexico,2015,No,Yes,25-29,492
New Mexico,2015,No,Yes,30-34,296
New Mexico,2015,No,Yes,35-39,146
New Mexico,2015,No,Yes,40-44,14
New Mexico,2015,No,No,15-19,2140
New Mexico,2015,No,No,20-24,6279
New Mexico,2015,No,No,25-29,6589
New Mexico,2015,No,No,30-34,4776
New Mexico,2015,No,No,35-39,2025
New Mexico,2015,No,No,40-44,401
New Mexico,2015,No,No,45-49,22
New York,2015,Yes,Yes,15-19,14
New York,2015,Yes,Yes,20-24,158
New York,2015,Yes,Yes,25-29,225
New York,2015,Yes,Yes,30-34,254
New York,2015,Yes,Yes,35-39,153
New York,2015,Yes,Yes,40-44,47
New York,2015,Yes,No,15-19,207
New York,2015,Yes,No,20-24,1439
New York,2015,Yes,No,25-29,3800
New York,2015,Yes,No,30-34,5691
New York,2015,Yes,No,35-39,4275
New York,2015,Yes,No,40-44,1416
New York,2015,Yes,No,45-49,116
New York,2015,No,Yes,15-19,702
New York,2015,No,Yes,20-24,3266
New York,2015,No,Yes,25-29,3519
New York,2015,No,Yes,30-34,2234
New York,2015,No,Yes,35-39,964
New York,2015,No,Yes,40-44,191
New York,2015,No,No,15-19,8002
New York,2015,No,No,20-24,34998
New York,2015,No,No,25-29,54934
New York,2015,No,No,30-34,62810
New York,2015,No,No,35-39,35537
New York,2015,No,No,40-44,8279
New York,2015,No,No,45-49,708
North Carolina,2015,Yes,Yes,15-19,25
North Carolina,2015,Yes,Yes,20-24,167
North Carolina,2015,Yes,Yes,25-29,214
North Carolina,2015,Yes,Yes,30-34,187
North Carolina,2015,Yes,Yes,35-39,128
North Carolina,2015,Yes,Yes,40-44,21
North Carolina,2015,Yes,No,15-19,165
North Carolina,2015,Yes,No,20-24,975
North Carolina,2015,Yes,No,25-29,1752
North Carolina,2015,Yes,No,30-34,2107
North Carolina,2015,Yes,No,35-39,1370
North Carolina,2015,Yes,No,40-44,393
North Carolina,2015,Yes,No,45-49,22
North Carolina,2015,No,Yes,15-19,673
North Carolina,2015,No,Yes,20-24,3465
North Carolina,2015,No,Yes,25-29,3639
North Carolina,2015,No,Yes,30-34,1925
North Carolina,2015,No,Yes,35-39,718
North Carolina,2015,No,Yes,40-44,127
North Carolina,2015,No,No,15-19,6775
North Carolina,2015,No,No,20-24,24096
North Carolina,2015,No,No,25-29,29795
North Carolina,2015,No,No,30-34,26974
North Carolina,2015,No,No,35-39,12379
North Carolina,2015,No,No,40-44,2383
North Carolina,2015,No,No,45-49,167
North Dakota,2015,Yes,Yes,20-24,14
North Dakota,2015,Yes,Yes,25-29,27
North Dakota,2015,Yes,Yes,30-34,26
North Dakota,2015,Yes,Yes,35-39,20
North Dakota,2015,Yes,No,15-19,13
North Dakota,2015,Yes,No,20-24,75
North Dakota,2015,Yes,No,25-29,194
North Dakota,2015,Yes,No,30-34,214
North Dakota,2015,Yes,No,35-39,105
North Dakota,2015,Yes,No,40-44,25
North Dakota,2015,No,Yes,15-19,120
North Dakota,2015,No,Yes,20-24,524
North Dakota,2015,No,Yes,25-29,477
North Dakota,2015,No,Yes,30-34,291
North Dakota,2015,No,Yes,35-39,93
North Dakota,2015,No,Yes,40-44,15
North Dakota,2015,No,No,15-19,384
North Dakota,2015,No,No,20-24,1903
North Dakota,2015,No,No,25-29,3307
North Dakota,2015,No,No,30-34,2486
North Dakota,2015,No,No,35-39,830
North Dakota,2015,No,No,40-44,124
Ohio,2015,Yes,Yes,15-19,51
Ohio,2015,Yes,Yes,20-24,346
Ohio,2015,Yes,Yes,25-29,489
Ohio,2015,Yes,Yes,30-34,418
Ohio,2015,Yes,Yes,35-39,208
Ohio,2015,Yes,Yes,40-44,41
Ohio,2015,Yes,No,15-19,207
Ohio,2015,Yes,No,20-24,1277
Ohio,2015,Yes,No,25-29,2591
Ohio,2015,Yes,No,30-34,3225
Ohio,2015,Yes,No,35-39,1840
Ohio,2015,Yes,No,40-44,439
Ohio,2015,Yes,No,45-49,38
Ohio,2015,No,Yes,15-19,1551
Ohio,2015,No,Yes,20-24,7025
Ohio,2015,No,Yes,25-29,6378
Ohio,2015,No,Yes,30-34,3222
Ohio,2015,No,Yes,35-39,1198
Ohio,2015,No,Yes,40-44,204
Ohio,2015,No,No,15-19,6907
Ohio,2015,No,No,20-24,24179
Ohio,2015,No,No,25-29,33040
Ohio,2015,No,No,30-34,29758
Ohio,2015,No,No,35-39,11868
Ohio,2015,No,No,40-44,2027
Ohio,2015,No,No,45-49,142
Oklahoma,2015,Yes,Yes,15-19,13
Oklahoma,2015,Yes,Yes,20-24,70
Oklahoma,2015,Yes,Yes,25-29,82
Oklahoma,2015,Yes,Yes,30-34,94
Oklahoma,2015,Yes,Yes,35-39,38
Oklahoma,2015,Yes,Yes,40-44,10
Oklahoma,2015,Yes,No,15-19,88
Oklahoma,2015,Yes,No,20-24,414
Oklahoma,2015,Yes,No,25-29,660
Oklahoma,2015,Yes,No,30-34,730
Oklahoma,2015,Yes,No,35-39,465
Oklahoma,2015,Yes,No,40-44,108
Oklahoma,2015,No,Yes,15-19,579
Oklahoma,2015,No,Yes,20-24,2291
Oklahoma,2015,No,Yes,25-29,1915
Oklahoma,2015,No,Yes,30-34,953
Oklahoma,2015,No,Yes,35-39,348
Oklahoma,2015,No,Yes,40-44,67
Oklahoma,2015,No,No,15-19,3706
Oklahoma,2015,No,No,20-24,12015
Oklahoma,2015,No,No,25-29,13849
Oklahoma,2015,No,No,30-34,10138
Oklahoma,2015,No,No,35-39,3680
Oklahoma,2015,No,No,40-44,659
Oklahoma,2015,No,No,45-49,44
Oregon,2015,Yes,Yes,20-24,62
Oregon,2015,Yes,Yes,25-29,105
Oregon,2015,Yes,Yes,30-34,91
Oregon,2015,Yes,Yes,35-39,51
Oregon,2015,Yes,Yes,40-44,14
Oregon,2015,Yes,No,15-19,71
Oregon,2015,Yes,No,20-24,383
Oregon,2015,Yes,No,25-29,863
Oregon,2015,Yes,No,30-34,1235
Oregon,2015,Yes,No,35-39,860
Oregon,2015,Yes,No,40-44,248
Oregon,2015,Yes,No,45-49,20
Oregon,2015,No,Yes,15-19,333
Oregon,2015,No,Yes,20-24,1441
Oregon,2015,No,Yes,25-29,1334
Oregon,2015,No,Yes,30-34,767
Oregon,2015,No,Yes,35-39,260
Oregon,2015,No,Yes,40-44,49
Oregon,2015,No,No,15-19,1862
Oregon,2015,No,No,20-24,6965
Oregon,2015,No,No,25-29,10932
Oregon,2015,No,No,30-34,10970
Oregon,2015,No,No,35-39,5449
Oregon,2015,No,No,40-44,1022
Oregon,2015,No,No,45-49,74
Pennsylvania,2015,Yes,Yes,15-19,35
Pennsylvania,2015,Yes,Yes,20-24,184
Pennsylvania,2015,Yes,Yes,25-29,274
Pennsylvania,2015,Yes,Yes,30-34,260
Pennsylvania,2015,Yes,Yes,35-39,166
Pennsylvania,2015,Yes,Yes,40-44,34
Pennsylvania,2015,Yes,No,15-19,135
Pennsylvania,2015,Yes,No,20-24,834
Pennsylvania,2015,Yes,No,25-29,1901
Pennsylvania,2015,Yes,No,30-34,2679
Pennsylvania,2015,Yes,No,35-39,1522
Pennsylvania,2015,Yes,No,40-44,410
Pennsylvania,2015,Yes,No,45-49,30
Pennsylvania,2015,No,Yes,15-19,1125
Pennsylvania,2015,No,Yes,20-24,5191
Pennsylvania,2015,No,Yes,25-29,5313
Pennsylvania,2015,No,Yes,30-34,3249
Pennsylvania,2015,No,Yes,35-39,1233
Pennsylvania,2015,No,Yes,40-44,218
Pennsylvania,2015,No,No,15-19,5755
Pennsylvania,2015,No,No,20-24,21233
Pennsylvania,2015,No,No,25-29,33363
Pennsylvania,2015,No,No,30-34,34734
Pennsylvania,2015,No,No,35-39,15442
Pennsylvania,2015,No,No,40-44,2783
Pennsylvania,2015,No,No,45-49,213
Rhode Island,2015,Yes,Yes,25-29,20
Rhode Island,2015,Yes,Yes,30-34,23
Rhode Island,2015,Yes,Yes,35-39,15
Rhode Island,2015,Yes,No,15-19,13
Rhode Island,2015,Yes,No,20-24,65
Rhode Island,2015,Yes,No,25-29,181
Rhode Island,2015,Yes,No,30-34,268
Rhode Island,2015,Yes,No,35-39,187
Rhode Island,2015,Yes,No,40-44,53
Rhode Island,2015,No,Yes,15-19,42
Rhode Island,2015,No,Yes,20-24,191
Rhode Island,2015,No,Yes,25-29,219
Rhode Island,2015,No,Yes,30-34,199
Rhode Island,2015,No,Yes,35-39,68
Rhode Island,2015,No,Yes,40-44,10
Rhode Island,2015,No,No,15-19,443
Rhode Island,2015,No,No,20-24,1615
Rhode Island,2015,No,No,25-29,2440
Rhode Island,2015,No,No,30-34,2886
Rhode Island,2015,No,No,35-39,1396
Rhode Island,2015,No,No,40-44,264
Rhode Island,2015,No,No,45-49,16
South Carolina,2015,Yes,Yes,15-19,17
South Carolina,2015,Yes,Yes,20-24,74
South Carolina,2015,Yes,Yes,25-29,112
South Carolina,2015,Yes,Yes,30-34,85
South Carolina,2015,Yes,Yes,35-39,65
South Carolina,2015,Yes,Yes,40-44,12
South Carolina,2015,Yes,No,15-19,111
South Carolina,2015,Yes,No,20-24,588
South Carolina,2015,Yes,No,25-29,1084
South Carolina,2015,Yes,No,30-34,1218
South Carolina,2015,Yes,No,35-39,768
South Carolina,2015,Yes,No,40-44,179
South Carolina,2015,Yes,No,45-49,18
South Carolina,2015,No,Yes,15-19,443
South Carolina,2015,No,Yes,20-24,1851
South Carolina,2015,No,Yes,25-29,1659
South Carolina,2015,No,Yes,30-34,960
South Carolina,2015,No,Yes,35-39,332
South Carolina,2015,No,Yes,40-44,77
South Carolina,2015,No,No,15-19,3445
South Carolina,2015,No,No,20-24,12272
South Carolina,2015,No,No,25-29,14674
South Carolina,2015,No,No,30-34,11891
South Carolina,2015,No,No,35-39,5089
South Carolina,2015,No,No,40-44,931
South Carolina,2015,No,No,45-49,60
South Dakota,2015,Yes,Yes,20-24,28
South Dakota,2015,Yes,Yes,25-29,46
South Dakota,2015,Yes,Yes,30-34,43
South Dakota,2015,Yes,Yes,35-39,26
South Dakota,2015,Yes,No,15-19,21
South Dakota,2015,Yes,No,20-24,114
South Dakota,2015,Yes,No,25-29,296
South Dakota,2015,Yes,No,30-34,292
South Dakota,2015,Yes,No,35-39,159
South Dakota,2015,Yes,No,40-44,27
South Dakota,2015,No,Yes,15-19,142
South Dakota,2015,No,Yes,20-24,536
South Dakota,2015,No,Yes,25-29,467
South Dakota,2015,No,Yes,30-34,283
South Dakota,2015,No,Yes,35-39,100
South Dakota,2015,No,Yes,40-44,23
South Dakota,2015,No,No,15-19,542
South Dakota,2015,No,No,20-24,2049
South Dakota,2015,No,No,25-29,3352
South Dakota,2015,No,No,30-34,2693
South Dakota,2015,No,No,35-39,837
South Dakota,2015,No,No,40-44,147
South Dakota,2015,No,No,45-49,11
Tennessee,2015,Yes,Yes,15-19,39
Tennessee,2015,Yes,Yes,20-24,188
Tennessee,2015,Yes,Yes,25-29,223
Tennessee,2015,Yes,Yes,30-34,208
Tennessee,2015,Yes,Yes,35-39,115
Tennessee,2015,Yes,Yes,40-44,24
Tennessee,2015,Yes,No,15-19,156
Tennessee,2015,Yes,No,20-24,760
Tennessee,2015,Yes,No,25-29,1320
Tennessee,2015,Yes,No,30-34,1430
Tennessee,2015,Yes,No,35-39,854
Tennessee,2015,Yes,No,40-44,246
Tennessee,2015,Yes,No,45-49,13
Tennessee,2015,No,Yes,15-19,866
Tennessee,2015,No,Yes,20-24,4028
Tennessee,2015,No,Yes,25-29,3421
Tennessee,2015,No,Yes,30-34,1740
Tennessee,2015,No,Yes,35-39,623
Tennessee,2015,No,Yes,40-44,93
Tennessee,2015,No,No,15-19,5123
Tennessee,2015,No,No,20-24,16661
Tennessee,2015,No,No,25-29,19580
Tennessee,2015,No,No,30-34,15540
Tennessee,2015,No,No,35-39,6356
Tennessee,2015,No,No,40-44,1197
Tennessee,2015,No,No,45-49,69
Texas,2015,Yes,Yes,15-19,21
Texas,2015,Yes,Yes,20-24,131
Texas,2015,Yes,Yes,25-29,212
Texas,2015,Yes,Yes,30-34,177
Texas,2015,Yes,Yes,35-39,117
Texas,2015,Yes,Yes,40-44,21
Texas,2015,Yes,No,15-19,578
Texas,2015,Yes,No,20-24,2915
Texas,2015,Yes,No,25-29,5348
Texas,2015,Yes,No,30-34,6756
Texas,2015,Yes,No,35-39,4516
Texas,2015,Yes,No,40-44,1286
Texas,2015,Yes,No,45-49,95
Texas,2015,No,Yes,15-19,1042
Texas,2015,No,Yes,20-24,4799
Texas,2015,No,Yes,25-29,4428
Texas,2015,No,Yes,30-34,2513
Texas,2015,No,Yes,35-39,900
Texas,2015,No,Yes,40-44,155
Texas,2015,No,No,15-19,31042
Texas,2015,No,No,20-24,89921
Texas,2015,No,No,25-29,105565
Texas,2015,No,No,30-34,90879
Texas,2015,No,No,35-39,40608
Texas,2015,No,No,40-44,8466
Texas,2015,No,No,45-49,509
Utah,2015,Yes,Yes,20-24,27
Utah,2015,Yes,Yes,25-29,28
Utah,2015,Yes,Yes,30-34,23
Utah,2015,Yes,Yes,35-39,24
Utah,2015,Yes,No,15-19,43
Utah,2015,Yes,No,20-24,375
Utah,2015,Yes,No,25-29,867
Utah,2015,Yes,No,30-34,1056
Utah,2015,Yes,No,35-39,682
Utah,2015,Yes,No,40-44,168
Utah,2015,Yes,No,45-49,11
Utah,2015,No,Yes,15-19,109
Utah,2015,No,Yes,20-24,565
Utah,2015,No,Yes,25-29,527
Utah,2015,No,Yes,30-34,313
Utah,2015,No,Yes,35-39,122
Utah,2015,No,Yes,40-44,15
Utah,2015,No,No,15-19,1849
Utah,2015,No,No,20-24,9609
Utah,2015,No,No,25-29,15941
Utah,2015,No,No,30-34,12259
Utah,2015,No,No,35-39,5113
Utah,2015,No,No,40-44,809
Utah,2015,No,No,45-49,47
Vermont,2015,Yes,Yes,20-24,11
Vermont,2015,Yes,Yes,25-29,19
Vermont,2015,Yes,Yes,30-34,18
Vermont,2015,Yes,Yes,35-39,10
Vermont,2015,Yes,No,20-24,31
Vermont,2015,Yes,No,25-29,40
Vermont,2015,Yes,No,30-34,80
Vermont,2015,Yes,No,35-39,52
Vermont,2015,No,Yes,15-19,56
Vermont,2015,No,Yes,20-24,295
Vermont,2015,No,Yes,25-29,321
Vermont,2015,No,Yes,30-34,159
Vermont,2015,No,Yes,35-39,66
Vermont,2015,No,No,15-19,176
Vermont,2015,No,No,20-24,722
Vermont,2015,No,No,25-29,1302
Vermont,2015,No,No,30-34,1517
Vermont,2015,No,No,35-39,792
Vermont,2015,No,No,40-44,120
Virginia,2015,Yes,Yes,15-19,13
Virginia,2015,Yes,Yes,20-24,71
Virginia,2015,Yes,Yes,25-29,119
Virginia,2015,Yes,Yes,30-34,106
Virginia,2015,Yes,Yes,35-39,52
Virginia,2015,Yes,No,15-19,84
Virginia,2015,Yes,No,20-24,537
Virginia,2015,Yes,No,25-29,1319
Virginia,2015,Yes,No,30-34,1899
Virginia,2015,Yes,No,35-39,1302
Virginia,2015,Yes,No,40-44,354
Virginia,2015,Yes,No,45-49,43
Virginia,2015,No,Yes,15-19,342
Virginia,2015,No,Yes,20-24,1930
Virginia,2015,No,Yes,25-29,1910
Virginia,2015,No,Yes,30-34,1152
Virginia,2015,No,Yes,35-39,400
Virginia,2015,No,Yes,40-44,58
Virginia,2015,No,No,15-19,3551
Virginia,2015,No,No,20-24,14859
Virginia,2015,No,No,25-29,22478
Virginia,2015,No,No,30-34,23955
Virginia,2015,No,No,35-39,11905
Virginia,2015,No,No,40-44,2470
Virginia,2015,No,No,45-49,167
Washington,2015,Yes,Yes,15-19,14
Washington,2015,Yes,Yes,20-24,108
Washington,2015,Yes,Yes,25-29,162
Washington,2015,Yes,Yes,30-34,172
Washington,2015,Yes,Yes,35-39,98
Washington,2015,Yes,Yes,40-44,17
Washington,2015,Yes,No,15-19,90
Washington,2015,Yes,No,20-24,708
Washington,2015,Yes,No,25-29,1760
Washington,2015,Yes,No,30-34,2569
Washington,2015,Yes,No,35-39,1764
Washington,2015,Yes,No,40-44,486
Washington,2015,Yes,No,45-49,40
Washington,2015,No,Yes,15-19,409
Washington,2015,No,Yes,20-24,1805
Washington,2015,No,Yes,25-29,1851
Washington,2015,No,Yes,30-34,1191
Washington,2015,No,Yes,35-39,447
Washington,2015,No,Yes,40-44,88
Washington,2015,No,No,15-19,3210
Washington,2015,No,No,20-24,13435
Washington,2015,No,No,25-29,21983
Washington,2015,No,No,30-34,22678
Washington,2015,No,No,35-39,10715
Washington,2015,No,No,40-44,2120
Washington,2015,No,No,45-49,155
West Virginia,2015,Yes,Yes,15-19,15
West Virginia,2015,Yes,Yes,20-24,69
West Virginia,2015,Yes,Yes,25-29,95
West Virginia,2015,Yes,Yes,30-34,95
West Virginia,2015,Yes,Yes,35-39,53
West Virginia,2015,Yes,Yes,40-44,12
West Virginia,2015,Yes,No,15-19,40
West Virginia,2015,Yes,No,20-24,246
West Virginia,2015,Yes,No,25-29,353
West Virginia,2015,Yes,No,30-34,345
West Virginia,2015,Yes,No,35-39,207
West Virginia,2015,Yes,No,40-44,40
West Virginia,2015,No,Yes,15-19,434
West Virginia,2015,No,Yes,20-24,1720
West Virginia,2015,No,Yes,25-29,1375
West Virginia,2015,No,Yes,30-34,706
West Virginia,2015,No,Yes,35-39,260
West Virginia,2015,No,Yes,40-44,38
West Virginia,2015,No,No,15-19,1192
West Virginia,2015,No,No,20-24,3791
West Virginia,2015,No,No,25-29,4097
West Virginia,2015,No,No,30-34,2825
West Virginia,2015,No,No,35-39,1145
West Virginia,2015,No,No,40-44,228
Wisconsin,2015,Yes,Yes,20-24,111
Wisconsin,2015,Yes,Yes,25-29,173
Wisconsin,2015,Yes,Yes,30-34,179
Wisconsin,2015,Yes,Yes,35-39,91
Wisconsin,2015,Yes,Yes,40-44,19
Wisconsin,2015,Yes,No,15-19,69
Wisconsin,2015,Yes,No,20-24,411
Wisconsin,2015,Yes,No,25-29,1158
Wisconsin,2015,Yes,No,30-34,1554
Wisconsin,2015,Yes,No,35-39,950
Wisconsin,2015,Yes,No,40-44,212
Wisconsin,2015,Yes,No,45-49,21
Wisconsin,2015,No,Yes,15-19,426
Wisconsin,2015,No,Yes,20-24,2224
Wisconsin,2015,No,Yes,25-29,2506
Wisconsin,2015,No,Yes,30-34,1553
Wisconsin,2015,No,Yes,35-39,578
Wisconsin,2015,No,Yes,40-44,93
Wisconsin,2015,No,No,15-19,2510
Wisconsin,2015,No,No,20-24,9992
Wisconsin,2015,No,No,25-29,17170
Wisconsin,2015,No,No,30-34,16797
Wisconsin,2015,No,No,35-39,6546
Wisconsin,2015,No,No,40-44,1101
Wisconsin,2015,No,No,45-49,65
Wyoming,2015,Yes,Yes,25-29,12
Wyoming,2015,Yes,Yes,30-34,12
Wyoming,2015,Yes,No,20-24,45
Wyoming,2015,Yes,No,25-29,73
Wyoming,2015,Yes,No,30-34,96
Wyoming,2015,Yes,No,35-39,51
Wyoming,2015,Yes,No,40-44,11
Wyoming,2015,No,Yes,15-19,117
Wyoming,2015,No,Yes,20-24,439
Wyoming,2015,No,Yes,25-29,317
Wyoming,2015,No,Yes,30-34,174
Wyoming,2015,No,Yes,35-39,46
Wyoming,2015,No,Yes,40-44,12
Wyoming,2015,No,No,15-19,361
Wyoming,2015,No,No,20-24,1486
Wyoming,2015,No,No,25-29,1981
Wyoming,2015,No,No,30-34,1553
Wyoming,2015,No,No,35-39,613
Wyoming,2015,No,No,40-44,98